app_id,human_classified
air.ABCcards,NULL
air.apdev.Knobeln,NULL
air.azaleasdolls.pinupprincess,NULL
air.com.alcegypt.Connect2T1,NULL
air.com.games4king.EscapeFromLivingRoomGame138Android,NULL
air.com.kidsopia.petrecereaculorilor,NULL
air.com.littlebigplay.games.free.christmasgames,NULL
air.com.papoworld.apps.cleaningday,NULL
air.com.pepiplay.pepidoctor,NULL
air.com.quicksailor.EscapeAbandonedBoatHouse,NULL
air.com.richColin.DeepUnderTheSky,NULL
air.com.starfall.FTR,NULL
air.com.superduperinc.HearbuilderFollowingDirections2018,NULL
air.com.swasa.PiliPopEnglish,NULL
air.com.xiaolai.escapepyramid,NULL
air.cz.cfc.androidgp.AnimatedPuzzleLite,NULL
air.de.appsfuerkids.math018g,NULL
air.de.appsfuerkids.thirdgradefractionsdecimals027,NULL
air.de.appsfuerkids.timestables,NULL
air.FreeNewEscapeGame71LadyWithIceCreamEscape.door.puzzle,NULL
air.G2JCrocodileWarriorRescue,NULL
air.G2JOldFishermanRescue,NULL
air.LearnArabicLetters,NULL
air.MengenalHurufBersamaUpisYzerx,NULL
air.mirchigames.NewEscapeGame2019,NULL
air.mwe.cookingsoftiesugarcookies,NULL
air.mwe.favoritechococookies,NULL
air.odd1apps.CanYouEscapeSeasideFort,NULL
all.language.translator.hub.englishtopashtotranslator,NULL
and.lihuhu.machingtriple,NULL
andrtu.tuntt.memorygame,NULL
appinventor.ai_dot_dox.TurboMedicalReduced,NULL
apps.osh.mathforkids,NULL
ard.games.rollout,NULL
at.ac.fhstp.MEETeUX,NULL
au.com.espace.puzzle.alphaNum,NULL
b.ed.study.bed.bedstudy,NULL
bat.com.ledscreentext,NULL
bibi.pet.kids.pixel.tangram,NULL
bilal.sadaqat.aioupastpapers,NULL
boriol.chess.junior,NULL
boriol.grade.fifthlite,NULL
bouncing.monster.jump.shot,NULL
br.com.tapps.animalrescue,NULL
br.com.tapps.corgievolution,NULL
br.com.tapps.griffinevolution,NULL
builtonmission.co.dailytorah,NULL
bwebmedia.homedecoration,NULL
by.alfasoft.KitchenWoodenPuzzles,NULL
by.alfasoft.PoliceCarWoodenPuzzles,NULL
calculator.division.multiplication.schoolcalcpro,NULL
car.spa.wash.funny.bunny.games,NULL
cbc.mathematics.biology.kcpe.kcse.chemistry.topicalphyicskcsepastquestionsandanswers,NULL
cbse.class6.papers.creaticx,NULL
cc.leet.free,NULL
chinese.food.cooking.girls.games.ghalia.games,NULL
cltindia.org.teacher,NULL
co.akiliandme.curiousreader.mmm,NULL
co.alexis.urkdw,NULL
co.alexis.zetqb,NULL
co.april2019.apti,NULL
co.april2019.dti,NULL
co.april2019.educo,NULL
co.april2019.mm,NULL
co.arya.cvghi,NULL
co.arya.yitvh,NULL
co.classplus.sun,NULL
co.classplus.tpr,NULL
co.communico.cvl,NULL
co.communico.pcld,NULL
co.davos.aztim,NULL
co.davos.dywst,NULL
co.davos.owtxl,NULL
co.familyplay.animaljigsawpuzzlesb,NULL
co.familyplay.beargrade4free,NULL
co.familyplay.cowboygrade1free,NULL
co.familyplay.dragongrade1free,NULL
co.hodor.heppv,NULL
co.iron.bwpnt,NULL
co.iron.qqcvv,NULL
co.iron.rkidg,NULL
co.jarvis.cardea,NULL
co.jarvis.eci,NULL
co.jarvis.gfe,NULL
co.jarvis.glxy,NULL
co.jarvis.rkcl,NULL
co.jarvis.vizag,NULL
co.jorah.dohto,NULL
co.jorah.lntxi,NULL
co.jorah.qgdjx,NULL
co.kevin.oymju,NULL
co.kevin.qbday,NULL
co.kevin.tseur,NULL
co.loki.hbxxv,NULL
co.loki.sims,NULL
co.lynde.jmbjb,NULL
co.lynde.xxmht,NULL
co.lynde.zkfqq,NULL
co.nedstark.stis,NULL
co.nedstark.wda,NULL
co.nick.kgyhz,NULL
co.nick.oksca,NULL
co.nick.uctoq,NULL
co.nick.uyohx,NULL
co.nick.yhwdb,NULL
co.pazugames.com.cupcakeshop,NULL
co.shield.bndqb,NULL
co.shield.pfdkz,NULL
co.shield.zohlo,NULL
co.thanos.ddtds,NULL
co.thanos.lzdrs,NULL
co.thanos.rhgcr,NULL
co.thor.elroi,NULL
co.thor.syzki,NULL
codeasy.programming.problems,NULL
com.aaglodapps.hcvermapart2solutions,NULL
com.abc.pmptest,NULL
com.abckidlearning.animalracing,NULL
com.absgames.parking,NULL
com.acamar.bingbaking,NULL
com.adapptechnologies.babyearth,NULL
com.addition_wwwz_webappcom,NULL
com.adkiworks.chasertracer,NULL
com.adknown.doubleteam,NULL
com.adknown.tankgallery,NULL
com.adriasys.oopexposed,NULL
com.adwwawwdww.mergeplane,NULL
com.affinityinfosoft.elearning,NULL
com.aggames.m5e60new,NULL
com.agog.jmsc,NULL
com.agriculture.question_bank,NULL
com.ags.build.a.furniture,NULL
com.agt.hackerrankjs,NULL
com.ahoiii.FieteWorld,NULL
com.akademgp.CatSimulator3DPro,NULL
com.akpublish.Gunspell,NULL
com.alextothesupermarket,NULL
com.alfismaripiggy.piggysewers,NULL
com.ALGames.CrashBird,NULL
com.alibaba.aladdin,NULL
com.allenresources.testbank.main_prep,NULL
com.alpesh.vadicmaths,NULL
com.alphadts.www.stmaryscollege,NULL
com.alsoo.train.android.ohayoo,NULL
com.altissia.ols,NULL
com.amaway.psperchwit,NULL
com.amayasoft.puzzles.vehicles.games.kids.toddlers.puzzle,NULL
com.amayasoft.toddler.kids.games.boys.girls.shapes,NULL
com.amlcreation.tinyStory2Demo,NULL
com.an.my.sim.game.elephant,NULL
com.anahoret.android.letters,NULL
com.AndalinaGameDevelopment.FlappyBee,NULL
com.AnderK.WheelScale,NULL
com.andrecreppe.LeastSquares,NULL
com.androbaby.firstwordsforbaby,NULL
com.androidus.diccionario,NULL
com.angles.tile.puzzle,NULL
com.apa.tables,NULL
com.ape.prank.age.scanner,NULL
com.app.jindal,NULL
com.appaffairs.DINGS,NULL
com.appazur.sd62king1,NULL
com.appbattle.nineinone,NULL
com.application.teslaberry,NULL
com.appsbergman.transito3d,NULL
com.appscho.appscho.escp,NULL
com.appventions.worldmap,NULL
com.appybuilder.prajapatishankar5.CreditCardBillPay,NULL
com.apsorb.zyberpass,NULL
com.arata1972.SimpleChineseTamil,NULL
com.arjunster.KidsLearning,NULL
com.arper.Cities4086,NULL
com.artifexmundi.mybrotherrabbit.gp,NULL
com.ArtSoft.MountainClimb4x4,NULL
com.asadkhailghourghushti.calculator_one,NULL
com.ashutosh.thelastdino,NULL
com.ASRDreams.KnifeJump,NULL
com.ateam.electricalengineermcqs,NULL
com.atentertainment.speakingswedish,NULL
com.audvice.audvice,NULL
com.averina.funnyvegies,NULL
com.awesomecashofficial.awesomecash,NULL
com.aygunduzstudios.MeteorDiver2,NULL
com.aykhan.speedychase,NULL
com.ba.businessanalystappwithfragment,NULL
com.baby.phone.educational.games.kids.toy,NULL
com.babyaadhya.aadhyasgoodnight,NULL
com.Babygodgames.circus_bird,NULL
com.BadbonesProductions.Cast,NULL
com.banking.hindi,NULL
com.batata.chicken,NULL
com.batoki.kids.toddlers.animal.pet.hairSalon,NULL
com.batoki.kids.toddlers.puzzle.airplane,NULL
com.battlegroundsmobile.india,NULL
com.bbc.heyduggeecounting,NULL
com.bbc.heyduggeespookybadge,NULL
com.beansprites.mynewbornbabytwinsFREE,NULL
com.beeartgames.jackinspace_full,NULL
com.beiz.lolaabclite,NULL
com.beiz.lolasfruity,NULL
com.belikebee.letters.alphabet.learning.kids.free,NULL
com.bergman.veiculoskids,NULL
com.berkbox.jump2free,NULL
com.best2048.in2018,NULL
com.BestPhotoApps.ToddlerPuzzle,NULL
com.beyondmarks.beyondmarks,NULL
com.bhavikbhuva.currencyconverter,NULL
com.bi007.radioapp,NULL
com.bigbear.banca,NULL
com.bigbear.onetfruit,NULL
com.bimiboo.colors,NULL
com.bimiboo.kids.puzzles,NULL
com.biologyobjective12th,NULL
com.bispiral.gs1900,NULL
com.blackboard.android.central.findlay,NULL
com.blackboard.community.bmtisd,NULL
com.blackdtools.babytrain3dpremium,NULL
com.blacksheepgames.slproj007,NULL
com.blarma.learn.spanish.vocabulary.words,NULL
com.blaze.kappgames,NULL
com.blind_tower_defense_mobile,NULL
com.blogspot.anumondal78.computerscience,NULL
com.boardgame.miljac.grangla,NULL
com.bobbooks.readingmagic3,NULL
com.BoingStudio.SpaceshipsMerge,NULL
com.Bomfadev.SpikySawLines,NULL
com.bornander.lala.android,NULL
com.BracketWars.Morph,NULL
com.Bragi.cemnhasAd,NULL
com.brandon.finley,NULL
com.brilliantkidsstudio.learncolorsandpuzzlegamefree,NULL
com.brilliantkidsstudio.learncolorsfree,NULL
com.BruiserGames.BallBlast3D,NULL
com.BTstudios.Deadlytrapsactionplatformer,NULL
com.bubadu.mechanicmax,NULL
com.budgestudios.googleplay.HotWheelsUnlimited,NULL
com.budgestudios.googleplay.StrawberryShortcakeIceCreamIsland,NULL
com.budgestudios.StrawberryShortcakeBakeShare,NULL
com.budgestudios.StrawberryShortcakeDressUpDreams,NULL
com.budgestudios.StrawberryShortcakePuppyPalace,NULL
com.budgestudios.StrawberryShortcakeSweetShop,NULL
com.BusinessStudiesMCQ.BusinessStudiesMCQ,NULL
com.bvmobileapps.tcohh,NULL
com.calculator.gpa.adnan.gpacalculatoruaar,NULL
com.calculo.triangulo.matematicas.calculadora.escobar.solucionadordetriangulosgratis,NULL
com.candybots.Fruits1,NULL
com.cannonshot.knockdown.fireballs,NULL
com.canondevo.mashapuzzle,NULL
com.capedkoala.levelup,NULL
com.car.simulator.DoDaaa.AmbulanceAnimals,NULL
com.caretutors,NULL
com.cas.farming.game.simulator,NULL
com.cashbash.skweb,NULL
com.casualgames.room.cleaning.games.clean.up,NULL
com.catdonut.uchimcifri,NULL
com.cdromgame.DeathRace9012,NULL
com.centrefungames.christmasfashionspasalon,NULL
com.cerezosoft.encadena,NULL
com.cfcindia.mobile.zacpoonenillustrations,NULL
com.chebdev.kidsxylophone,NULL
com.chem.world,NULL
com.chessking.android.learn.volga,NULL
com.chozi.mwongozo_wa_chozo_la_heri,NULL
com.chuggington.readytoroll,NULL
com.cig.tugofwar.pullmatch.tractor.games.free,NULL
com.cisana.candle,NULL
com.class6.science.soluntions,NULL
com.classmobi.godwin,NULL
com.clickbeyond.in,NULL
com.clowngames.fispio,NULL
com.cocopapasoft.jigsawpuzzlefree,NULL
com.codeworm.sudokusolver,NULL
com.coloringbook.art.games.coloring.book.diamonds,NULL
com.coloringgame.freepuzzle.pixelart,NULL
com.Company.SCC,NULL
com.computer.keybordshortcutkeys.computerallshortcutkeys,NULL
com.conceptcraft.atomapp,NULL
com.conduit.app_4eaa3fbb62354895954361a5a81595d7.app,NULL
com.cosmic_labs.skysurfers,NULL
com.course_finder,NULL
com.courstube,NULL
com.craft.scrap,NULL
com.CrazyOysterGames.IsometricSquaredSquares,NULL
com.CREATELab.AllYouCanET,NULL
com.CREATELab.CrushStation,NULL
com.creativegigs.surahRahman,NULL
com.creatorg.golden,NULL
com.creatorsbureau.drinkfactoryidle,NULL
com.criamagin.citizenkids,NULL
com.cross.playwordgames,NULL
com.crossinganswers.canplay.raccoonescape,NULL
com.crownbanana.penguintofly,NULL
com.crystalpug.oopstacles,NULL
com.CubeCompany.DanceParty,NULL
com.cubidoo.lilyleo,NULL
com.cuiacademy.palmchinese,NULL
com.curnt.mrafair,NULL
com.curve.katappa,NULL
com.CygnuswanGames.evenandodd.paid,NULL
com.cyningstan.boxoff,NULL
com.daftmobile.Skribots.v2,NULL
com.dagger.abctap,NULL
com.dailygames.tilematch,NULL
com.dcbaustralia.girls.city.home.cleaning,NULL
com.ddict.dictionary.translator.englishswedish,NULL
com.ddsoftware.cw.morseplayerpro,NULL
com.deepriverdev.car.hpt,NULL
com.DefaultCompany.AgentBow,NULL
com.DefaultCompany.Flappy,NULL
com.DefaultCompany.Hanabi,NULL
com.DefaultCompany.Inquilinos,NULL
com.defaultcompany.ShadeFlurry,NULL
com.dekd.apps.admission,NULL
com.developer.mindstein.iraworldschool,NULL
com.developer.narakpro.csharpkhmer,NULL
com.developerengineering.guessthesountrackgame,NULL
com.deviantwolf.mathcrunch,NULL
com.devry.mobileapps.devry,NULL
com.devstudios.learnpunjabialphabets,NULL
com.DevTS.TheHighestLevelRabbit,NULL
com.dGamePoint.BallGame,NULL
com.DGISF.CircleColor,NULL
com.dhrb.Passaro,NULL
com.dhstudio.HuntingAndFishing,NULL
com.diamondtail.babasForest,NULL
com.didigame.baby.panda.birthday.party.kids.fun.game,NULL
com.dimsev.tic_tac,NULL
com.dingbat.impossibletracks.busgames.racing,NULL
com.diskpoly.vijay.sarkariexampaparation,NULL
com.dndstudio.games.flyballoon,NULL
com.dogsimulator.gremansp,NULL
com.dominigames.mt4.free2play,NULL
com.doublediamond.truckcarscoloringbook,NULL
com.dozgunyal.telegramgame,NULL
com.dragoma.enit,NULL
com.dragoma.frbg,NULL
com.dragoma.frkk,NULL
com.dragoma.nlhu,NULL
com.draw.onet.puzzle.free.block.match,NULL
com.dreamplay.realmoto2.google,NULL
com.dress.up,NULL
com.dreyfous.edufileviewer,NULL
com.drgnrd.bllfll,NULL
com.drivers.gotocity,NULL
com.Drivinggames.DriveRealFlyingCarSimulator,NULL
com.drpanda.restaurant3,NULL
com.drunkengoosestudio.MadWash,NULL
com.drwapp.howtodrawtrain,NULL
com.ds.travelgamelite,NULL
com.dseng905.twistifyflutter,NULL
com.duckduckmoosedesign.bus,NULL
com.ducktrine.plughead,NULL
com.DUzu.InfiniteScroll,NULL
com.dwarsoftgames.quizapp,NULL
com.e2yazilim.virtual_kindergarten,NULL
com.EdMagnin.Puzzle,NULL
com.edmatix.parent.gaho,NULL
com.edu.teachinns,NULL
com.educastudio.marbellaundryadventure,NULL
com.educastudio.marbelmagicbabyfoodmaker,NULL
com.educastudio.marbelmagicspace,NULL
com.educastudio.marbelwarna,NULL
com.edugorilla.comedk,NULL
com.edugorilla.jeearch,NULL
com.edugorilla.jnu_m_a_sociology_mock_test,NULL
com.edugorilla.ukpscecostats,NULL
com.edujoy.Educational.Kids.Puzzles,NULL
com.edujoy.masha.games,NULL
com.edujoy.Visual_Games,NULL
com.edurev.class1,NULL
com.edusoftgame.funnyfruits,NULL
com.edutechnologies.learnfrench,NULL
com.edutechnologies.statisticsformulas,NULL
com.elasticsea.marbleraceclassic,NULL
com.eldopp.chessclk,NULL
com.Element196.CakeColoringBook,NULL
com.Element196.VehiclesCarColoringBook,NULL
com.ellize.knots,NULL
com.eltkorea.vera,NULL
com.embedded.digital.analog.electronics.circuits.projects,NULL
com.english.hmong.dictionary.translator,NULL
com.Enigma,NULL
com.enmAndro.MINE_TheFallenStar,NULL
com.enrasoft.scratch.football.players.quiz.v2017,NULL
com.epic.balancetherollingball3d,NULL
com.epizy.thundersoft.sharpmindss2019,NULL
com.etterstudio.emc,NULL
com.etutor.ezhishi,NULL
com.examhappy.app,NULL
com.exampact.exampact,NULL
com.excelpublishers.eksalar,NULL
com.ExpCrow.MathMaze,NULL
com.EYGAMES.BITCOINMINER,NULL
com.faadooengineers.free_qualitycontrol,NULL
com.fabulousfun.christmasbabyphone,NULL
com.fallentreegames.google.quellmementofree,NULL
com.familia.mother.police.simulator,NULL
com.fastdev.citycrowdclash,NULL
com.fastracergame,NULL
com.FastWire.MatchBasket3D,NULL
com.fately.quiz.justbesmart,1
com.favorapps.kidsmathgame,1
com.fazlurajan.royalacademyputtalam,1
com.FazyCubeStudio.PeskyChickenBossMod,0
com.featherit.website.allah99names,0
com.FelixThiele.JumpyRockets,1
com.fenresearch.ionastoybox,1
com.FeroxGame.RetroWaveRunner,0
com.fgstudy.a7thclasscomputer,1
com.fiftythreestudio.circlewave,1
com.finalyear,0
com.find3d.v2,1
com.fireworkcreator,0
com.fireworks.funkidstudio,0
com.firstcry.playbees.learn.grow.kids.preschool.toddler.numbers.abc.rhymes.games.stories.books,1
com.fisica.tarea.educacion.ayudante.physics.calculadora.calculadorasdefisica,1
com.FiveDRealities.GliderSim,0
com.flutter.vue3,0
com.flutter_android.blendingboardapp,1
com.foofoo.christmascoloring,0
com.foofoo.flashcards,1
com.foofoo.spellings,1
com.Foreverdream.Smokey,0
com.ForKids.AlphabetEndlish,1
com.forqan.tech.OwisPuzzles,1
com.forvo.forvokids,1
com.foxandsheep.loomies,0
com.FoxieGames.MyWildPetOnlineAnimal,0
com.FozerApp.beamcrash,0
com.FUGAS.LostSpring,0
com.Fukudanuki.GoldFish,0
com.fun.touch.blast.game.pet,1
com.funeasylearn.turkish,0
com.FunnyCowGames.ForesTree,0
com.funtory.bigballfalling,0
com.FuryRacing.TekWizardsDesigns,0
com.futuristicschools.seaba,0
com.g5e.mayor.match.city.builder.android,0
com.gaag.superhuman,1
com.gabysoft.flippixcarousel,0
com.gabysoft.flippixposies,0
com.gadaqassem.guessthestatesnames,1
com.gadiwala.kar_vr,0
com.gaimstudio.nangongblock,0
com.gallant.english.urud.dictionary,0
com.game.html2,0
com.game.jam.shape.color.block.best.ball.in,1
com.game.talking.teddyalex,0
com.game.tap.tapjewelblast,1
com.gameicreate.pregnantmombabydaycarecenter,0
com.gameicreate.thebigfatroyalindianpostweddingrituals,0
com.GameiFun.AnimalCookingChef,0
com.gameimake.familyfriendmovienightoutparty,0
com.gameimake.halloweenmommydaycare,0
com.gameimake.kittydailyactivitiesgame,0
com.gameimake.kittypetdaycare,0
com.gameimake.learningabcbubblespopupfunfortoddlers,1
com.gameimake.sciencetricksexperimentsinsciencecollege,1
com.gamelead.car.parking.adventure,0
com.gamemonkeys.ageofwarrior,0
com.GamePalette.MatchIdol,0
com.games2win.highschoolracing,0
com.gamescafe.sallysspa,0
com.gamesforgirlsfree.japanesegirls,0
com.gamesforkids.coloring.games.preschool,1
com.gamesforkids.coloringbook.learn.painting,1
com.Gamez.BitCrash,0
com.gamini.numbers,1
com.gellab.savingdraggy,0
com.gempro.SpeedBowling,0
com.Georgegames.Learn3x3x3RubikCube,1
com.gforgoodness.slumbersweepersfree,0
com.ggame.starfighter,0
com.GHF.SwingAndWreck,0
com.gladiapp.bounceballadventure,0
com.GlassFrogGames.ToyEggSurpriseGoogle,0
com.gloves.game,0
com.gmail.naavyavig.hopethisworks,0
com.gmr.circle,1
com.GokhanGenc.Box,1
com.gorillasoft.beerun,0
com.government.app.NAMO_eTAB_HE,1
com.grapefrukt.games.bore,0
com.gravity.mytalkinghal,0
com.GreedGames.Trail,0
com.greencity.bhs2,0
com.gs.offroad.american.trucker.muddy.drive.cargo,0
com.gt.summer.beach.party.trip.family.dad.mom,0
com.hallucind.flashcards,0
com.hamlab.oneInATrillion,0
com.handmobi.fishingmaster,0
com.handsonequationslite1,1
com.hap.pankaj,1
com.happy.family.quad.bike.mountain.stunts,0
com.happydev4u.khmermalaytranslator,0
com.happydev4u.somalidutchtranslator,0
com.happydev4u.tamilfrenchtranslator,0
com.happymagenta.ssp,0
com.HappyOceanPlay.GlitterBallerinaColoringBook,0
com.hardchobo.perfectpitchgame,1
com.hashtechstudios.run,0
com.hastars.gamaCompoundWords,1
com.hazelfunstudio.baby.home.safety.tips,0
com.hdo.safeballoon_and,0
com.hedgehogacademy.animalsjigsaw,1
com.hedgehogacademy.hedgehogsadventures,1
com.hedgehogacademy.logicspatialintelligence,1
com.hedgehogacademy.musicbox,0
com.hedgehogacademy.notliketheotherslite,1
com.hedgehogacademy.princessmemoryfree,0
com.hedgehogacademy.threelittlepigsfree,1
com.HelloEscape.Walkthrough.SaveTheGirl2,0
com.helloworld.tictactoe,1
com.herish.android.EnglishToThai,0
com.hg.realFarmig.tractorSim,0
com.hidden4world.movienightpopcornparty,0
com.HiddenObjectGame.QuestOfMysteryTreasure,0
com.hiegames.animalsforkids,1
com.highlights.preschoolpuzzles,1
com.hightechapps.duaeqalmay,0
com.HitmoGames.MapModernMansion,0
com.hj.nb,0
com.hjd.fashion,0
com.HoldOnStudio.KuipersCat,0
com.Homoeo.caintermcq,0
com.hrtechnology8.beachball,0
com.huegisoft.findme,1
com.human.dino.king_6,0
com.huzaifa.odaodkmaodmawdddwqwqwdeewew,0
com.hwwapp,0
com.hypatia.escapetheabandonedneighborhood,0
com.hypatia.youmustescapeadventure,0
com.hype.school,0
com.iabuzz.ShapesPuzzle,1
com.icare.kidsprovider,0
com.iden.pawpuzzle,1
com.idle.shelter.and,0
com.igetit.igetitapp,0
com.iggt.perfectsummerbraids,0
com.iguana.thelastlegend,0
com.ijulapp.gamealphabetandnumbersmemorymatchnew,1
com.ikointl.app,0
com.ilugon.aprender.frutas.verduras,1
com.Imagawa.wriggles,1
com.imayi.dinocity,0
com.imayi.dinodrivefree,0
com.imayi.dinosaurcarfree,0
com.imayi.dinosaurparkfree,0
com.imayi.truckbuilderfree,0
com.imctoys.crybabiesmagictears,0
com.ImmersiPi.BallArt,0
com.inamemrah.gacmangames,0
com.InefableInc.eightysix,0
com.infinitygames.hungrywolf,0
com.infoland.database,0
com.InformatikaMaChung.CubeTumbling,0
com.ingrails.whitefield,0
com.inmoga.colorballhop3d,1
com.innovapps.diccionarioadministrativo,0
com.InnovativeK.LanternFestival,0
com.inseec.mobile,0
com.insidermasrapp.Insider,0
com.InspiredbyCatDreams.STAR_CLICK,0
com.insurance.pullthepingames,0
com.intellijoy.sightwords.lite,1
com.interior.design.home.cooking.games,0
com.inyomedia.kids.ABCsFirstReader,1
com.ionic.quran123,0
com.ionicframework.qpionic711514,0
com.ipf.era,0
com.iris.sensoryboxcore,0
com.isbx.pasco.Spark,0
com.islam786.islamic_names,0
com.islamic.guide.app,0
com.itech01.dolphinrescue,0
com.jaizee.tunnelvision,0
com.jakyl.msd,0
com.jaybees.abcdottodot,1
com.jeremkyh.zackery.dot.glcf.to.ijdg.dot,1
com.jernung.infinite.zho,0
com.jesusdigitalrd.jpcsim,0
com.jetdogs.hercules10,0
com.jetdogs.hercules7,0
com.jibasoft.parentportal2,0
com.jkstudentsinfo,0
com.joonmultimedia.troophunters,0
com.joykeratif.feedthedoggame.game,0
com.jyotichutani.americantvshowsguessgame,0
com.kamibot.kamibotControl,0
com.kaser.solitilezen,0
com.kauf.brickshitandsmashfreegame,0
com.kavrakids.Animal_Photo_Jigsaw_Puzzle,0
com.keystore.constructionalphabet,1
com.KGStudios.Rebound,0
com.khateebclasses,0
com.kids.preschool.teaching.app,1
com.kidseducation.appeducation,1
com.kidsgamesfactory.baby.sheep.care,0
com.KidsGamesfree.airportmanager,0
com.kilgore,0
com.kindergarten.WriteABC_Ar,1
com.kissta.animalballoonpop,NULL
com.klett.blitzrechnen.zero,NULL
com.KMGames.FindDiff,NULL
com.knudge.ielts,NULL
com.kokotots.bugsworld,NULL
com.kpixgames.PathPixWild,NULL
com.Kryptos.myBelmont,NULL
com.kryptosmobile.SMU,NULL
com.kumon.mycentre,NULL
com.kycclubapp.twoallguide,NULL
com.laboladoapp.labo_brick_car2,NULL
com.lalanscoaching.connect,NULL
com.lamanufacture.ghpt,NULL
com.languagedrops.drops.learn.learning.speak.language.danish.words,NULL
com.launchshipstudios.pastryjam,NULL
com.ldw.fishtycoon2,NULL
com.learn.french.android,NULL
com.learnexcel,NULL
com.learningtouch.bobbooksliteversionV2,NULL
com.learnyland.bugsOne,NULL
com.learnyland.ocean,NULL
com.lehtimaeki.learncyrillic,NULL
com.LetsDevIn.DontPop,NULL
com.LetsDevIn.SmartPuzzle,NULL
com.levelxcode.stupiditytest,NULL
com.lhpstudio.freetofit,NULL
com.lida.english,NULL
com.limmercreative.passengine.aemt,NULL
com.lingo.play.greek,NULL
com.littlelearnersloveliteracy.wizkids3,NULL
com.livelymind.nurseryrhymes,NULL
com.lofty.traffic.rash.rampage.car.racing,NULL
com.lomolsoft.language.learnjapanese,NULL
com.loudcrow.goingtobed,NULL
com.lovepolyart.polysphere,NULL
com.LpbApps.GTD,NULL
com.ltg.games.for2048,NULL
com.LunarExGames.myARgalaxySolarSystem,NULL
com.lyc.ciliosimulasyon,NULL
com.lzm.Cajas,NULL
com.macapps.ftdmac1,NULL
com.Magician.MissileComing2,NULL
com.magicsciencehouse.pet,NULL
com.magisterapp.savana,NULL
com.mahjong.onet.puzzle.block.free.match,NULL
com.maitop.playwithdinosaurs,NULL
com.makerlu.wethi,NULL
com.MALGOW.Win10Simulator,NULL
com.mamma20.mutable.mufo,NULL
com.manacree.royaldefence,NULL
com.mariasuperjump.adventures,NULL
com.marwadtech.sschindi,NULL
com.marystorys.tzfe,NULL
com.match.blast,NULL
com.MatthewHolden.OneLapReloaded,NULL
com.Mazemind.MystifiedCat,NULL
com.mbm.endlessroll,NULL
com.mcb.billabongjabalpur,NULL
com.MCPE.Mod.BarBarianTech.Minecraft.Beehive,NULL
com.md.mathformula,NULL
com.megacreation.free.cargotruck.driving.game,NULL
com.meknasoft.learnhebrewlanguage,NULL
com.meplis.campus.instance4.tatme,NULL
com.mg.virtual.girlfriend.offline.game,NULL
com.mgmdzngames.reachthesky,NULL
com.MichaelZlotkowski.AND,NULL
com.mickeyapps.game.reversi2,NULL
com.microdev.WhatIsYourTrueTalent,NULL
com.microsys.Planets,NULL
com.milliongames.racing3d,NULL
com.MilphyCompany.DontLeaveBoba,NULL
com.mindoe,NULL
com.mine.crazy.auto.dragon.maxi,NULL
com.miniclixstudio.tracingworksheets.phonics.coloring.kids,NULL
com.minigamersclub.dollhouse.makeover.and.repair,NULL
com.minigamersclub.high.school.cashier,NULL
com.minigamersclub.learning.house.manners,NULL
com.minigamersclub.lets.play.withsquishy.slime,NULL
com.minimango.games.tomthetowtruck,NULL
com.minimuffin.gardenstories,NULL
com.missingames.kids.painting,NULL
com.missingames.kidsmusic.lite,NULL
com.mobigamesstudio.girls.family.house.cleaning,NULL
com.mobilegenomics.genopo,NULL
com.mobilephl.esl,NULL
com.mobisoft.flyco,NULL
com.moneypoli.multiplication,NULL
com.monkeygames.memorykidsanimals,NULL
com.MonkeyKidGC.JumpTheZombie,NULL
com.monkugames.learnabc,NULL
com.monoman.Shrink,NULL
com.mookogames.flyjump,NULL
com.moonwire.jellydash,NULL
com.mrsoft.ovs,NULL
com.Muffinman.TankRoyale,NULL
com.multiplication.tables.mathquiz.mathtables,NULL
com.muneerhallows.obscurespaceship,NULL
com.my.steelmaking.co,NULL
com.myclasscampus.modernpublicacademy,NULL
com.myGame.hex,NULL
com.myras.drive,NULL
com.nabooplanet.magicrystal,NULL
com.nanooq.esn,NULL
com.napko.lilnuts,NULL
com.nas.sleepy,NULL
com.nashim.wowamazing,NULL
com.nashkgames.mathjump,NULL
com.NeevEnterprise.SnakesVsBlocks,NULL
com.neiman.coloringbook,NULL
com.Nemonics.HelpMeOut,NULL
com.Nemonics.RiverCrossing,NULL
com.Neon.Color.Ball.Road.Run,NULL
com.NeonDuckGames.ArmyMilitaryFactoryGunBusinessTycoon,NULL
com.neoxonika.puzzlesaircraft,NULL
com.nessy.hairyphonics1,NULL
com.newstory.AnimalStrike,NULL
com.nexon.devcat.runwaystory,NULL
com.ng_labs.magic.slate,NULL
com.nhapp.physicsshortnotesandmcq,NULL
com.niit.engagetc,NULL
com.niotron.trntv,NULL
com.nishant.veltech,NULL
com.nispl.studyshot,NULL
com.nm.beautyforce,NULL
com.nngamestudio.christmas.housecleanup.decoration,NULL
com.nodemerger.partsofspeech,NULL
com.nolimit.savesacharescue,NULL
com.nomnom.glitterdrawingmakeup,NULL
com.noodlecake.bitcoin,NULL
com.nor.toeic.best,NULL
com.NormoGames.SlidyTires,NULL
com.Notez.Reflect,NULL
com.notprofessional.swifttap,NULL
com.nulltree.skyapps.japstudy,NULL
com.nuobi.miamju.appgp,NULL
com.nxn.indian.truck.cargo.game.free.truckdriving,NULL
com.odaclass.mathcheck,NULL
com.oddly.satisfying.games,NULL
com.OddStatueGames.HydroPyro,NULL
com.ogi.airplane.game.simulator,NULL
com.olaniyichris.marymotherofall,NULL
com.one.watermelon,NULL
com.oneboiii.mathgamekids9990,NULL
com.Oneplanetingalaxy.Catandmouse,NULL
com.OneTwoThreeandCo.EscapeFromSpaceShipGame,NULL
com.onlister.psclakshya,NULL
com.oohlala.chapmanu,NULL
com.openlms.openlmsmobile,NULL
com.OpGames.PhantomRun,NULL
com.orange.coloring.halloween,NULL
com.OsOs.Grayland,NULL
com.oss.cima,NULL
com.otsimo.speech,NULL
com.overrideeg.apps.madrasty,NULL
com.owlchirp.puzzleanimals,NULL
com.owlchirp.puzzlecartoonanimals,NULL
com.oyatsukai.finalfwy,NULL
com.pabloleban.superpolycar,NULL
com.pac.gplay.mbts.paid,NULL
com.pandoomobile.GemsJourney,NULL
com.paperhacker.writingtips,NULL
com.papoworld.apps.purplepinkburgershop,NULL
com.parchisi.pastime_quarantine,NULL
com.parentlocker.connect,NULL
com.parkelsoft.letrakidedu,NULL
com.patada.shctmaster,NULL
com.patd.fallingnumbers,NULL
com.pazugames.chicbaby2,NULL
com.pazugames.playandlearn,NULL
com.PCAT.Crack.Pharmacy,NULL
com.PDFPlace.BBABooks,NULL
com.peak.free.fish,NULL
com.peppapig.themepark,NULL
com.perform.magician,NULL
com.phonics.jolly.reader_app.free,NULL
com.photoeditorgames.unicorn.puzzle,NULL
com.PhuocNguyen.UnblockBrickColor,NULL
com.piupiuapps.coloringglitterballerinas,NULL
com.pixelatedinteractive.worlddefender,NULL
com.pixelbistro.pixelup,NULL
com.pixelenvision.fairytale,NULL
com.PixelPearl.Reflecks,NULL
com.pixels.kcctutorials,NULL
com.Play.Train.Racing.Game,NULL
com.playdate.gcandyland,NULL
com.playsole.sonicboyjourney,NULL
com.playstack.idlecafe,NULL
com.pocketland.heroblast,NULL
com.pongiterusdev.drawingcaricaturestutorial,NULL
com.poomgames.bearheart,NULL
com.popov.egeanswers,NULL
com.powwow.tambolawithfriends,NULL
com.PPC.MeetTheVowels,NULL
com.prepladder.pediatrics,NULL
com.protocave.president,NULL
com.providentitgroup.learnportuguese,NULL
com.pumkin.fun,NULL
com.pupilleader.android.apps.vidyaavikascbse,NULL
com.puzzlegamefox.picrosssurvival,NULL
com.puzzlelite.sudoku,NULL
com.qs.qsrankings,NULL
com.quill_app.elearning,NULL
com.quizgamesapps.genshinimpactquiz,NULL
com.qumitech.mahjonglink,NULL
com.rabbitwhiskers,NULL
com.racing.games.driving.simulator.mobile.extreme.asphalt.racer,NULL
com.rafael.apps.trigonometrysolver,NULL
com.ragassoft.shapespuzzlesforkids,NULL
com.raghu.braingame,NULL
com.rajasthan.board.android,NULL
com.rajpaliwal.RTicTacToe,NULL
com.rankersacademy.courses,NULL
com.razmobi.kidsfishing,NULL
com.readyeducation.postuniversity,NULL
com.realcarparkingsimulator.streetdrive3d.schooltest,NULL
com.Redbrick.MoRE2,NULL
com.REDIZIT.DroptotheCore,NULL
com.redmatrix.house.movers.job.simulator,NULL
com.REDSUNWORKS.BlueCreature,NULL
com.rejectedgames.aawam,NULL
com.rejoy.block.logic,NULL
com.remove.curse.myapp,NULL
com.resolvethetouchscreenerror.LimaLustini,NULL
com.RhinoHoney.BUDDY,NULL
com.richappsandgames.spideronahandsimulator,NULL
com.richumediagames.unicornprincessbraidingsalonhairstyles,NULL
com.rikamei.apps.phrasal.verbs,NULL
com.Risolvi_Equazioni.myapplication,NULL
com.rivalwheels.bussimulator2021,NULL
com.RiverCanvas.FieldHockeyChamp,NULL
com.rizer.dhruvclasses,NULL
com.robotifun.easy.drawing,NULL
com.RoboxStudio.Truck.Simulator.Cargo.Transport.Driver,NULL
com.Rohit9169Company.DangerousDrive,NULL
com.romale.moon.explorer.vr,NULL
com.ronmallapre.tagalogtoenglishkids,NULL
com.rooster.masterofcramps,NULL
com.royalgames.futuristic.robot.battle.helicopter.transform.city,NULL
com.rtainformatics.DiveshClasses,NULL
com.ruler555.ruler,NULL
com.runar.issdetector,NULL
com.russpuppy.halloween,NULL
com.russpuppy.kidscartown2,NULL
com.sagawar.monker,NULL
com.salvationsstory.bibleabcfree,NULL
com.satish.geometry10th,NULL
com.satya.easyabcbook,NULL
com.sbitsoft.newyear1,NULL
com.sbitsoft.puzzlekidsnature,NULL
com.scary.teacher.evil.school.freak,NULL
com.scarygrannyvideocallsandchat,NULL
com.schapps.reactionmaster,NULL
com.school.vignanschools,NULL
com.schoolappexpress.marioncounty,NULL
com.schoolknot.rr_vidya_bhavan,NULL
com.schultetable.bestsimulatorforreading,NULL
com.seewhylearning.rapidpass,NULL
com.sega.segacatcher,NULL
com.sekip.transition,NULL
com.sepictech.farmingtractortrolly.gamenew,NULL
com.setsquare.academy,NULL
com.sg.Gallexy,NULL
com.sg.js.Checkers,NULL
com.sg.js.Tangled,NULL
com.shahenshah.MedicalSurgicalNursing,NULL
com.shaigames.bubble.fox.shooter.rescue,NULL
com.shameintercontinental.pixelrally,NULL
com.sheremet.girlsjigsaw,NULL
com.shinerweb.crosscryo,NULL
com.shockwaveapps.computersmcq601,NULL
com.ShondurasInc.UnicornCatch,NULL
com.short2soft.concentration,NULL
com.shreenath.memory_game,NULL
com.sim.milk.delivery.game,NULL
com.sindrom10.sindrom10,NULL
com.sinyee.babybus.astronaut,NULL
com.sinyee.babybus.chef,NULL
com.sinyee.babybus.diyII,NULL
com.sinyee.babybus.talk2kiki.global,NULL
com.sinyee.jojo.careIII,NULL
com.sinyee.jojo.joshopping,NULL
com.siron.brs,NULL
com.sislbd.e_bookminland,NULL
com.sixteenbitgames.ElectroCross,NULL
com.skipel.MathCube,NULL
com.skullriongames.countryguesser,NULL
com.smartupsc.www.upscsyllabustracker,NULL
com.smiling.quiz,NULL
com.smilingcupofcoffee.trh,NULL
com.SmithSon.Circus.Find.The.Difference,NULL
com.snakecolorbump.appanda,NULL
com.softecks.civilengineering.pro,NULL
com.spiderboys.coloringsuperheros,NULL
com.spinmaster.mightyexpressgamesworld,NULL
com.sql.oozmakappa.app,NULL
com.sqstech.multimedia_system,NULL
com.squareup.CarParking,NULL
com.sscchsl.chslexam,NULL
com.ssgames.fruitblast,NULL
com.stanislaw.CrashMetalGP,NULL
com.starshipfantasy.pewpewscastle,NULL
com.steenriver.biplane,NULL
com.studentlifeinternational,NULL
com.studio32d.BabySharkColoringBook,NULL
com.studiomygame.spaceshooter,NULL
com.studywayOverseas.android.studywayOverseas,NULL
com.studywithov.examprepapp,NULL
com.stupidsid.au,NULL
com.sudoku.connectdots,NULL
com.sukajee.tictactoe,NULL
com.sunnymac.crackgtu,NULL
com.sunraygames.oceanix,NULL
com.superbox.jewelsmagic,NULL
com.superindiagames.PlaneEscaper,NULL
com.supradendev.magic8ballpro,NULL
com.suyash.school_app,NULL
com.swams.agility3D,NULL
com.sweetcany.blast.splash,NULL
com.syber.iuc,NULL
com.synclusive.lovebirds,NULL
com.tabtale.wheelsonthebus,NULL
com.talkingpet.home,NULL
com.tally.erp.training.with.gst.yaetkdccrwmjbkvvooja,NULL
com.tamildiction.tamilenglishsentences,NULL
com.tamilgkquizgame.tamilgkandcurrentaffairsapp,NULL
com.tangoredu.coding,NULL
com.TapNJoy.SummerHighschoolLunchBox,NULL
com.tappyhappy.funforkids,NULL
com.tappyhappy.puzzlemagicfree,NULL
com.tapteotop.cherylthewhavyhairedgirl,NULL
com.tarsensoft.rebotes,NULL
com.tarun.class11chemistryncertbook,NULL
com.TaurusEye.Rollingball,NULL
com.teachersparadise.happypetskidscoloringbook,NULL
com.teachyourmonstertoread.tmapp,NULL
com.team11games.multivehicleparking,NULL
com.tech.dheyaias,NULL
com.teensygames.snowyball,NULL
com.TeleportSoft.DinosaurDemo,NULL
com.Temporalvisions.game,NULL
com.terrestrialarts.farty,NULL
com.test.k53motorcycletestsouthafrica,NULL
com.thelearningapps.farmanimalspreschoolgames,NULL
com.thelearningapps.JourneytoSeaWorld,NULL
com.thepot.differentsnakegame,NULL
com.thinkers.pharmao2,NULL
com.ThreeCatGames.ThisCell,NULL
com.thyre.magnetrun,NULL
com.tinyleviathangames.armyprt,NULL
com.tinytitanstudios.TrainChu,NULL
com.tivola.vincelot,NULL
com.tjger.expedition,NULL
com.tmsoft.tictactoe,NULL
com.To.Free.Horse.Rally.Racing.Games.Simulator,NULL
com.toojuice.android.gus.arabic.standard,NULL
com.toojuice.android.gus.english.usa,NULL
com.toonkidsgames.mermaid.little.baby.ocean.care,NULL
com.topmyframe.birthdaygirls.photoframe,NULL
com.totalbattery.ifof,NULL
com.touchandlearn.peekaboooceanandroidgoogle,NULL
com.toursphere.midewin,NULL
com.trailblazer.calculator,NULL
com.tribalgroup.nrcengage.wam,NULL
com.tRS.HappyBallsLineDashPuzzle,NULL
com.tsumanga.fairyclub,NULL
com.tuploader,NULL
com.tuyennguyen.swipecandyblast,NULL
com.TwinSoftwareStudio.WarehouseSimulator2021,NULL
com.twodfunclub.microwaveoven.repair,NULL
com.twoplayersgame.minigames,NULL
com.twoxdgames.gomoku,NULL
com.uallrightm8.tapdoge,NULL
com.ulektz.sowdambikaengg,NULL
com.unexpect3rd.thinkshift,NULL
com.unfunhy.RGB_ThePuzzle,NULL
com.uniquepublishing.laurelhill,NULL
com.UrenbiStudio.GlowHunt,NULL
com.utkarsh.tictactoe_xsandos,NULL
com.utplus.tokidokipuzzle,NULL
com.v2r.jewelamazon,NULL
com.vaak.crazyeightscardgameoffline,NULL
com.valorbyte.tinyminiforest,NULL
com.vbgames.wheelrun,NULL
com.vcraftmodsstudio.beefarmmod,NULL
com.vcraftmodsstudio.defenderrobotmod,NULL
com.vedx.mentor101,NULL
com.venomoux.islamicbabynames,NULL
com.venture361.rags,NULL
com.vertaler.dezh,NULL
com.vertovov.batadventures,NULL
com.vertuals.ais,NULL
com.Vesco.CountryballsBouncyBusiness,NULL
com.VGDR.FillTheJungle,NULL
com.viapolares.playingpoetry.en,NULL
com.viewsonic.screenrecorder,NULL
com.vigafun.houseart3d,NULL
com.vishwatechlogic.pucnotes,NULL
com.vkids.android.englishalphabet,NULL
com.vndynapp.brainball.android,NULL
